<?xml version='1.0' encoding='UTF-8' ?>
<timeLogEntries>
  <time id="1" path="/Proyecto/Proyecto_Ahorcado/PSP0/Design" start="@1511364312370" delta="44" interrupt="2" />
  <time id="2" path="/Proyecto/Proyecto_Ahorcado/PSP0/Code" start="@1511367586695" delta="12" />
  <time id="3" path="/Proyecto/Proyecto_Ahorcado/PSP0/Code" start="@1511627645440" delta="16" />
  <time id="4" path="/Proyecto/Proyecto_Ahorcado/PSP0/Code" start="@1511698124321" delta="33" interrupt="1" />
  <time id="5" path="/Proyecto/Proyecto_Ahorcado/PSP0/Code" start="@1511780312032" delta="64" interrupt="5" />
  <time id="6" path="/Proyecto/Proyecto_Ahorcado/PSP0/Code" start="@1511785461940" delta="5" />
  <time id="7" path="/Proyecto/Proyecto_Ahorcado/PSP0/Code" start="@1511787921324" delta="2" />
  <time id="8" path="/Proyecto/Proyecto_Ahorcado/PSP0/Code" start="@1511868004313" delta="3" />
  <time id="9" path="/Proyecto/Proyecto_Ahorcado/PSP0/Test" start="@1511868160708" delta="1" />
  <time id="10" path="/Proyecto/Proyecto_Ahorcado/PSP0/Code" start="@1511868315413" delta="12" interrupt="4" />
  <time id="11" path="/Proyecto/Proyecto_Ahorcado/PSP0/Test" start="@1511869318615" delta="5" />
  <time id="12" path="/Proyecto/Proyecto_Ahorcado/PSP0/Code" start="@1511869643429" delta="1" />
  <time id="13" path="/Proyecto/Proyecto_Ahorcado/PSP0/Test" start="@1511869717703" delta="2" />
  <time id="14" path="/Proyecto/Proyecto_Ahorcado/PSP0/Code" start="@1511869826702" delta="8" />
  <time id="15" path="/Proyecto/Proyecto_Ahorcado/PSP0/Test" start="@1511870312832" delta="3" />
  <time id="16" path="/Proyecto/Proyecto_Ahorcado/PSP0/Test" start="@1511870687428" delta="2" />
  <time id="17" path="/Proyecto/Proyecto_Ahorcado/PSP0/Code" start="@1511870846015" delta="1" />
  <time id="18" path="/Proyecto/Proyecto_Ahorcado/PSP0/Test" start="@1511870933428" delta="8" />
  <time id="19" path="/Proyecto/Proyecto_Ahorcado/PSP0/Test" start="@1511871665084" delta="4" />
  <time id="20" path="/Proyecto/Proyecto_Ahorcado/PSP0/Test" start="@1511872933661" delta="6" />
  <time id="21" path="/Proyecto/Proyecto_Ahorcado/PSP0/Code" start="@1511873367297" delta="1" />
  <time id="22" path="/Proyecto/Proyecto_Ahorcado/PSP0/Test" start="@1511873453527" delta="2" />
  <time id="23" path="/Proyecto/Proyecto_Ahorcado/PSP0/Code" start="@1511873591394" delta="2" />
  <time id="24" path="/Proyecto/Proyecto_Ahorcado/PSP0/Test" start="@1511873686531" delta="3" />
  <time id="25" path="/Proyecto/Proyecto_Ahorcado/PSP0/Code" start="@1511888758457" delta="3" />
  <time id="26" path="/Proyecto/Proyecto_Ahorcado/PSP0/Code" start="@1511889009047" delta="8" />
  <time id="27" path="/Proyecto/Proyecto_Ahorcado/PSP0/Code" start="@1511889534100" delta="5" />
  <time id="28" path="/Proyecto/Proyecto_Ahorcado/PSP0/Test" start="@1511889806648" delta="2" />
  <time id="29" path="/Proyecto/Proyecto_Ahorcado/PSP0/Test" start="@1511889944347" delta="1" />
  <time id="30" path="/Proyecto/Proyecto_Ahorcado/PSP0/Code" start="@1511890024962" delta="16" />
  <time id="31" path="/Proyecto/Proyecto_Ahorcado/PSP0/Test" start="@1511890955448" delta="3" />
  <time id="32" path="/Proyecto/Proyecto_Ahorcado/PSP0/Code" start="@1511891577609" delta="2" />
  <time id="33" path="/Proyecto/Proyecto_Ahorcado/PSP0/Test" start="@1511891673561" delta="2" />
  <time id="34" path="/Proyecto/Proyecto_Ahorcado/PSP0/Code" start="@1511891769947" delta="10" />
</timeLogEntries>
